{
  "token_acc": 0.9999712591,
  "tag_acc": 0.9729045862,
  "pos_acc": 0.981971534,
  "morph_acc": 0.97744678,
  "lemma_acc": 0.9832097062,
  "dep_uas": 0.9041558611,
  "dep_las": 0.8693965611,
  "sents_p": 0.9787109831,
  "sents_r": 0.9897276448,
  "sents_f": 0.9841884858,
  "speed": 10283.2633207447,
  "morph_per_feat": {
    "Definite": {
      "p": 0.9978070175,
      "r": 0.9988179669,
      "f": 0.9983122363
    },
    "Gender": {
      "p": 0.9921207413,
      "r": 0.9845814978,
      "f": 0.988336742
    },
    "Number": {
      "p": 0.9980150693,
      "r": 0.9892788307,
      "f": 0.9936277475
    },
    "PronType": {
      "p": 0.9967776584,
      "r": 0.9889173061,
      "f": 0.9928319247
    },
    "PunctType": {
      "p": 0.9995215311,
      "r": 0.9990435198,
      "f": 0.9992824683
    },
    "AdpType": {
      "p": 0.9995323825,
      "r": 0.9966196526,
      "f": 0.9980738925
    },
    "VerbForm": {
      "p": 0.9868152566,
      "r": 0.9824972652,
      "f": 0.984651527
    },
    "Mood": {
      "p": 0.9718734304,
      "r": 0.9622078568,
      "f": 0.9670164918
    },
    "Person": {
      "p": 0.9903100775,
      "r": 0.9782457362,
      "f": 0.9842409385
    },
    "Tense": {
      "p": 0.9786892759,
      "r": 0.9735582403,
      "f": 0.9761170152
    },
    "NumForm": {
      "p": 0.9867549669,
      "r": 0.9659643436,
      "f": 0.9762489762
    },
    "NumType": {
      "p": 0.9809853068,
      "r": 0.9545836838,
      "f": 0.9676044331
    },
    "Poss": {
      "p": 1.0,
      "r": 0.9963436929,
      "f": 0.9981684982
    },
    "PunctSide": {
      "p": 1.0,
      "r": 0.998,
      "f": 0.998998999
    },
    "Case": {
      "p": 0.9948409286,
      "r": 0.9706375839,
      "f": 0.9825902335
    },
    "PrepCase": {
      "p": 0.9947145877,
      "r": 0.972107438,
      "f": 0.9832810867
    },
    "Reflex": {
      "p": 0.9951377634,
      "r": 0.9855537721,
      "f": 0.9903225806
    },
    "Degree": {
      "p": 1.0,
      "r": 0.9608540925,
      "f": 0.9800362976
    },
    "Polarity": {
      "p": 1.0,
      "r": 0.9935064935,
      "f": 0.996742671
    },
    "AdvType": {
      "p": 0.9361702128,
      "r": 0.9361702128,
      "f": 0.9361702128
    },
    "Number[psor]": {
      "p": 1.0,
      "r": 0.9714285714,
      "f": 0.9855072464
    }
  },
  "dep_las_per_type": {
    "det": {
      "p": 0.9730305181,
      "r": 0.9764957265,
      "f": 0.9747600427
    },
    "nsubj": {
      "p": 0.8710749908,
      "r": 0.8624725677,
      "f": 0.8667524352
    },
    "case": {
      "p": 0.9596960239,
      "r": 0.9621768707,
      "f": 0.9609348461
    },
    "amod": {
      "p": 0.9037921348,
      "r": 0.8962395543,
      "f": 0.9
    },
    "nmod": {
      "p": 0.8202009519,
      "r": 0.8212867355,
      "f": 0.8207434846
    },
    "mark": {
      "p": 0.8915857605,
      "r": 0.8973941368,
      "f": 0.8944805195
    },
    "acl": {
      "p": 0.7431102362,
      "r": 0.719047619,
      "f": 0.7308809293
    },
    "advcl": {
      "p": 0.5724137931,
      "r": 0.6140567201,
      "f": 0.5925044616
    },
    "nummod": {
      "p": 0.8940754039,
      "r": 0.8783068783,
      "f": 0.8861209964
    },
    "obj": {
      "p": 0.8161145424,
      "r": 0.8445671121,
      "f": 0.8300970874
    },
    "obl": {
      "p": 0.709960509,
      "r": 0.6980155306,
      "f": 0.7039373504
    },
    "advmod": {
      "p": 0.835097493,
      "r": 0.8346325167,
      "f": 0.8348649401
    },
    "fixed": {
      "p": 0.8614379085,
      "r": 0.8384223919,
      "f": 0.8497743391
    },
    "cc": {
      "p": 0.9243580847,
      "r": 0.9129540781,
      "f": 0.9186206897
    },
    "conj": {
      "p": 0.6977198697,
      "r": 0.6834716018,
      "f": 0.6905222437
    },
    "root": {
      "p": 0.9053892216,
      "r": 0.9141475212,
      "f": 0.9097472924
    },
    "flat": {
      "p": 0.8904899135,
      "r": 0.9279279279,
      "f": 0.9088235294
    },
    "xcomp": {
      "p": 0.7944162437,
      "r": 0.769041769,
      "f": 0.7815230961
    },
    "compound": {
      "p": 0.8287037037,
      "r": 0.716,
      "f": 0.7682403433
    },
    "cop": {
      "p": 0.8888888889,
      "r": 0.8755364807,
      "f": 0.8821621622
    },
    "ccomp": {
      "p": 0.8123861566,
      "r": 0.8352059925,
      "f": 0.8236380425
    },
    "iobj": {
      "p": 0.8037383178,
      "r": 0.4777777778,
      "f": 0.5993031359
    },
    "aux": {
      "p": 0.9460227273,
      "r": 0.9473684211,
      "f": 0.9466950959
    },
    "appos": {
      "p": 0.6336760925,
      "r": 0.6875871688,
      "f": 0.6595317726
    },
    "csubj": {
      "p": 0.7721518987,
      "r": 0.6421052632,
      "f": 0.7011494253
    },
    "expl:pass": {
      "p": 0.5652173913,
      "r": 0.2888888889,
      "f": 0.3823529412
    },
    "dep": {
      "p": 0.0,
      "r": 0.0,
      "f": 0.0
    },
    "parataxis": {
      "p": 0.5660377358,
      "r": 0.3529411765,
      "f": 0.4347826087
    },
    "orphan": {
      "p": 0.0,
      "r": 0.0,
      "f": 0.0
    },
    "nsubj:pass": {
      "p": 0.0,
      "r": 0.0,
      "f": 0.0
    },
    "aux:pass": {
      "p": 0.0,
      "r": 0.0,
      "f": 0.0
    }
  },
  "ents_p": 0.8889792599,
  "ents_r": 0.8898115358,
  "ents_f": 0.8893952031,
  "ents_per_type": {
    "LOC": {
      "p": 0.8902498775,
      "r": 0.9009917355,
      "f": 0.8955885977
    },
    "PER": {
      "p": 0.9303028174,
      "r": 0.9440325111,
      "f": 0.9371173785
    },
    "MISC": {
      "p": 0.8242664552,
      "r": 0.7896976143,
      "f": 0.8066118268
    },
    "ORG": {
      "p": 0.8380722892,
      "r": 0.8037901548,
      "f": 0.820573316
    }
  }
}